Year,Matchday,T1,T2,FTG_T1,FTG_T2,FR,HTG_T1,HTG_T2,HTR,G_0_15_T1,G_16_30_T1,G_31_HT_T1,G_46_60_T1,G_61_75_T1,G_76_FT_T1,G_0_15_T2,G_16_30_T2,G_31_HT_T2,G_46_60_T2,G_61_75_T2,G_76_FT_T2,Form_T1,Form_T2,Coach_T1,Coach_T2,BP_T1,BP_T2,PA_T1,PA_T2,PA%_T1,PA%_T2,SonT_T1,SonT_T2,SonT%_T1,SonT%_T2,Sav_T1,Sav_T2,Sav%_T1,Sav%_T2,Fls_T1,Fls_T2,Crn_T1,Crn_T2,Crs_T1,Crs_T2,Tch_T1,Tch_T2,Tck_T1,Tck_T2,Int_T1,Int_T2,Arl_T1,Arl_T2,Clr_T1,Clr_T2,Off_T1,Off_T2,GK_T1,GK_T2,Thr_T1,Thr_T2,LB_T1,LB_T2,YC_T1,2YC_T1,RC_T1,YC_T2,2YC_T2,RC_T2,Std,Ref,Ass1,Ass2,4thRef
2020,1,Fortaleza,Atlético Paranaense,0,2,A,0,2,A,0,0,0,0,0,0,0,1,1,0,0,0,4-2-3-1,4-3-3,Rogério Ceni,Dorival Júnior,43%,57%,291/343,422/471,85%,90%,3/10,5/13,30%,38%,3/5,3/3,60%,100%,12,7,3,4,16,8,455,590,7,8,9,5,8,9,6,13,1,1,6,8,13,16,55,55,3,0,1,2,0,0,Estádio Castelão,Braulio da Silva Machado,Kleber Lucio Gil,Eder Alexandre,Luis César De Oliveira Magalhães
2020,1,Coritiba,Internacional,0,1,A,0,0,D,0,0,0,0,0,0,0,0,0,0,1,0,4-2-3-1,4-2-3-1,Eduardo Barroca,Eduardo Coudet,36%,64%,137/189,270/329,72%,82%,0/1,4/8,0%,50%,3/4,0/0,75%,%,5,13,2,6,7,27,297,452,7,9,12,6,13,14,15,6,3,2,7,4,12,17,30,41,3,0,0,4,0,0,Estádio Major Antônio Couto Pereira,Bruno Arleu de Araujo,Thiago Henrique Neto Correa Farinha,Daniel do Espirito Santo Parro,Leonardo Sígari Zanon
2020,1,Sport Recife,Ceará,3,2,H,3,1,H,0,1,2,0,0,0,0,0,1,1,0,0,4-2-3-1,4-2-3-1,Daniel Paulista,Guto Ferreira,32%,68%,23/33,60/69,70%,87%,3/4,2/2,75%,100%,0/2,0/3,0%,0%,1,3,0,1,1,3,54,91,2,1,1,1,2,1,2,0,1,0,1,0,2,6,5,7,3,0,0,3,0,0,Estádio Adelmar da Costa Carvalho,Edina Alves Batista,Danilo Manis,Neuza Inês Back,Luiz Claudio Sobral
2020,1,Flamengo,Atlético Mineiro,0,1,A,0,1,A,0,0,0,0,0,0,0,1,0,0,0,0,4-2-3-1,3-5-2,Domènec Torrent,Jorge Sampaoli,63%,37%,425/527,226/317,81%,71%,2/17,4/10,12%,40%,4/4,2/2,100%,100%,12,24,9,2,19,6,720,486,16,16,3,15,20,5,7,24,2,3,4,12,27,12,58,65,3,0,0,2,0,0,Estadio Jornalista Mário Filho,Raphael Claus,Daniel Paulo Ziolli,Anderson Jose De Moraes Coelho,Rafael Martins de Sá
2020,1,Santos,Bragantino,1,1,D,0,0,D,0,0,0,0,1,0,0,0,0,0,0,1,4-3-3,4-2-3-1,Cuca,Felipe Conceição,54%,46%,362/444,303/375,82%,81%,4/10,6/18,40%,33%,5/6,3/4,83%,75%,10,19,4,2,20,19,625,562,18,17,14,14,12,15,17,14,4,2,12,8,17,19,58,50,0,0,0,1,0,0,Estádio Urbano Caldeira,Ricardo Marques Ribeiro,Felipe Alan Costa de Oliveira,Ricardo Junio de Souza,Adriano De Assis Miranda
2020,1,Grêmio,Fluminense,1,0,H,1,0,H,0,0,1,0,0,0,0,0,0,0,0,0,4-2-3-1,4-3-3,Renato Gaúcho,Odair Hellmann,52%,48%,395/486,363/444,81%,82%,4/15,4/10,27%,40%,4/4,3/4,100%,75%,24,16,6,3,18,15,680,654,14,15,16,23,25,17,18,24,2,1,6,7,28,16,50,55,2,0,0,3,0,0,Arena do Grêmio,Wilton Sampaio,Fabricio Vilarinho Da Silva,Bruno Raphael Pires,Anderson da Silveira Farias
2020,1,Botafogo (RJ),Bahia,1,2,A,0,1,A,0,0,0,0,0,1,0,0,1,0,0,1,RJ,4-4-2,Paulo Autuori,Mano Menezes,62%,39%,434/505,231/319,86%,72%,2/15,4/12,13%,33%,2/4,1/2,50%,50%,18,14,8,5,24,12,690,496,14,19,8,6,24,25,15,21,0,1,10,11,17,17,54,49,2,0,1,3,0,0,Estádio Nilton Santos,Savio Pereira,Daniel Henrique da Silva Andrade,Jose Reinaldo do Nascimento Júnior,João Ennio Sobral
2020,1,Corinthians,Atlético Goianiense,0,0,D,0,0,D,0,0,0,0,0,0,0,0,0,0,0,0,4-4-2,4-2-3-1,Dyego Rocha Coelho,Vágner Mancini,53%,47%,383/457,320/397,84%,81%,4/12,6/17,33%,35%,5/6,4/4,83%,100%,18,12,4,7,21,26,641,576,11,13,10,12,14,16,21,17,4,2,10,9,23,19,53,60,2,0,0,0,0,0,Arena Corinthians,Paulo Roberto Alves Júnior,Victor Imazu,Rafael Trombeta,Thiago Luis Scarascati
2020,2,Bragantino,Botafogo (RJ),1,1,D,1,0,H,1,0,0,0,0,0,0,0,0,0,1,0,4-2-3-1,RJ,Felipe Conceição,Paulo Autuori,55%,45%,490/553,374/451,89%,83%,8/23,3/9,35%,33%,2/3,7/8,66%,87%,13,8,11,3,29,16,739,623,15,9,17,8,7,11,11,26,1,1,8,13,18,15,40,49,3,0,0,1,0,0,Estádio Nabi Abi Chedid,André Luiz de Freitas Castro,Leone Carvalho,Cristhian Passos Sorence,Lucas Canetto Bellote
2020,2,Atlético Mineiro,Corinthians,3,2,H,0,2,A,0,0,0,2,1,0,1,1,0,0,0,0,3-5-2,4-2-3-1,Jorge Sampaoli,Tiago Nunes,56%,45%,425/516,321/423,82%,76%,13/25,5/7,52%,71%,2/5,10/13,40%,76%,19,11,8,4,30,11,716,617,17,10,16,17,14,15,7,29,3,1,3,11,25,15,52,69,0,0,0,1,0,0,Estádio Raimundo Sampaio,Wagner do Nascimento Magalhaes,Luiz Claudio Regazzone,Thiago Rosa de Oliveira,Ronei Candido Alves
2020,2,Atlético Paranaense,Goiás,2,1,H,1,1,D,0,0,1,0,0,1,0,0,1,0,0,0,4-3-3,4-4-2,Dorival Júnior,Ney Franco,79%,22%,672/728,143/196,92%,73%,4/19,3/13,21%,23%,2/3,2/4,66%,50%,16,18,3,3,16,9,906,371,10,21,2,2,15,17,9,21,1,1,10,14,22,20,78,48,3,0,0,3,0,0,Estádio Joaquim Américo Guimarães,Diego Pombo Lopez,Alessandro Álvaro Rocha de Matos,Jucimar dos Santos Dias,Lucas Paulo Torezin
2020,2,Bahia,Coritiba,1,0,H,1,0,H,0,0,1,0,0,0,0,0,0,0,0,0,4-4-2&#9670;,4-2-3-1,Roger Machado,Eduardo Barroca,46%,54%,338/418,413/485,81%,85%,5/12,3/14,42%,21%,3/3,4/5,100%,80%,16,18,3,8,12,27,587,664,19,14,6,6,14,17,19,3,1,5,8,8,17,13,56,61,0,0,0,5,0,0,Estádio Governador Roberto Santos,Flavio Rodrigues De Souza,Daniel Luis Marques,Evandro de Melo Lima,Emerson Ricardo de Almeida Andrade
2020,2,Atlético Goianiense,Flamengo,3,0,H,2,0,H,1,0,1,0,1,0,0,0,0,0,0,0,4-2-3-1,4-2-3-1,Vágner Mancini,Domènec Torrent,35%,65%,207/282,488/550,73%,89%,7/13,3/8,54%,38%,3/3,4/7,100%,57%,15,19,11,5,24,23,464,738,11,16,15,11,13,12,19,16,2,1,7,6,16,23,52,32,1,0,0,1,0,1,Estádio Olímpico Pedro Ludovico Teixeira,Luiz Flávio de Oliveira,Marcelo Van Gasse,Miguel Cataneo Ribeiro Da Costa,Anderson Ribeiro Gonçalves
2020,2,Fluminense,Palmeiras,1,1,D,1,1,D,0,0,1,0,0,0,1,0,0,0,0,0,4-3-3,4-2-3-1,Odair Hellmann,Vanderlei Luxemburgo,52%,48%,357/429,326/397,83%,82%,1/10,1/9,10%,11%,0/1,0/1,0%,0%,20,31,3,3,12,13,626,569,9,22,7,12,12,18,15,9,3,0,10,7,17,15,54,49,3,0,0,3,0,0,Estadio Jornalista Mário Filho,Rafael Traci,Alex dos Santos,Henrique Neu Ribeiro,Rafael Martins de Sá
2020,2,Ceará,Grêmio,1,1,D,1,0,H,0,0,1,0,0,0,0,0,0,0,1,0,4-2-3-1,4-2-3-1,Guto Ferreira,Renato Gaúcho,42%,58%,341/420,498/574,81%,87%,5/11,8/14,45%,57%,7/8,4/5,87%,80%,17,7,1,7,13,19,605,767,19,15,12,15,22,15,17,9,1,0,5,6,25,24,56,47,3,0,0,1,0,0,Estádio Castelão,Caio Max Augusto Vieira,Eduardo Goncalves da Cruz,Helcio Araujo,Antônio Magno Lima Cordeiro 
2020,2,São Paulo,Fortaleza,1,0,H,1,0,H,0,0,1,0,0,0,0,0,0,0,0,0,4-2-3-1,4-2-3-1,Fernando Diniz,Rogério Ceni,52%,48%,415/475,378/438,87%,86%,3/13,3/12,23%,25%,3/3,2/3,100%,66%,16,18,5,7,16,14,629,599,12,8,7,9,6,17,18,14,4,3,7,8,16,17,58,57,1,0,0,2,0,0,Estádio do Morumbi,Leandro Pedro Vuaden,José Eduardo Calza,Jorge Eduardo Bernardi,Ilbert Estevam Da Silva
2020,2,Internacional,Santos,2,0,H,0,0,D,0,0,0,1,0,1,0,0,0,0,0,0,4-4-2&#9670;,3-5-2,Eduardo Coudet,Cuca,58%,42%,433/515,301/377,84%,80%,7/25,1/6,28%,17%,1/1,5/7,100%,71%,28,14,9,4,34,10,714,599,21,11,16,10,13,19,4,29,2,2,6,13,15,17,57,45,2,0,0,3,0,0,Estádio José Pinheiro Borba,Marcelo de Lima Henrique,Rodrigo Figueiredo Henrique Correa,Carlos Henrique Alves de Lima Filho,Lucas Guimarães Rechatiko Horn
2020,2,Vasco da Gama,Sport Recife,2,0,H,2,0,H,1,0,1,0,0,0,0,0,0,0,0,0,4-1-4-1,4-2-3-1,Ramon Menezes,Daniel Paulista,46%,54%,300/363,350/416,83%,84%,6/9,1/13,67%,8%,1/1,4/6,100%,66%,29,17,5,8,9,26,549,617,11,15,11,13,14,10,36,15,1,4,6,3,16,26,46,37,2,0,0,3,0,1,Estádio Club de Regatas Vasco da Gama,Rodolpho Toski Marques,Bruno Boschilia,Sidmar dos Santos Meurer,Daniel Victor Costa Silva
2020,3,Grêmio,Corinthians,0,0,D,0,0,D,0,0,0,0,0,0,0,0,0,0,0,0,4-2-3-1,4-2-3-1,Renato Gaúcho,Tiago Nunes,47%,53%,423/485,503/571,87%,88%,8/24,2/5,33%,40%,2/2,7/8,100%,87%,16,14,7,5,36,12,705,767,13,26,9,14,13,8,6,21,0,0,7,11,20,10,39,48,2,0,0,3,0,0,Arena do Grêmio,Bruno Arleu de Araujo,Michael Correia,Thiago Henrique Neto Correa Farinha,Jonathan Benkenstein Pinheiro
2020,3,Coritiba,Flamengo,0,1,A,0,1,A,0,0,0,0,0,0,0,1,0,0,0,0,4-4-2,4-2-3-1,Eduardo Barroca,Domènec Torrent,33%,67%,189/252,460/519,75%,89%,3/8,7/18,38%,39%,6/7,3/3,85%,100%,25,16,4,5,13,18,417,690,12,15,7,11,6,12,16,10,2,1,4,6,27,13,50,58,5,1,0,3,0,0,Estádio Major Antônio Couto Pereira,Rodrigo D'Alonso Ferreira,Kleber Lucio Gil,Helton Nunes,Cristian Eduardo Gorski da Luz
2020,3,Palmeiras,Goiás,1,1,D,1,1,D,0,1,0,0,0,0,0,0,1,0,0,0,4-2-3-1,4-3-3,Vanderlei Luxemburgo,Ney Franco,67%,33%,583/670,258/342,87%,75%,3/12,5/10,25%,50%,4/5,2/3,80%,66%,11,16,6,2,26,5,881,520,23,17,18,15,19,13,7,28,0,0,6,15,21,17,46,74,1,0,0,3,0,0,Allianz Parque,Paulo Roberto Alves Júnior,Victor Imazu,Rafael Trombeta,Rafael Gomes Felix da Silva
2020,3,Atlético Mineiro,Ceará,2,0,H,0,0,D,0,0,0,0,1,1,0,0,0,0,0,0,4-2-3-1,4-2-3-1,Jorge Sampaoli,Guto Ferreira,61%,39%,392/474,232/302,83%,77%,6/11,1/13,55%,8%,1/1,3/6,100%,50%,14,15,4,0,21,8,631,464,13,17,4,11,12,13,9,21,2,1,11,12,22,15,65,70,2,0,0,4,0,0,Estádio Raimundo Sampaio,Savio Pereira,Daniel Henrique da Silva Andrade,Jose Reinaldo do Nascimento Júnior,Antonio Marcio Teixeira da Silva
2020,3,Bahia,Bragantino,2,1,H,1,0,H,0,1,0,0,0,1,0,0,0,0,0,1,4-2-3-1,4-1-4-1,Roger Machado,Felipe Conceição,42%,58%,281/376,413/502,75%,82%,4/10,3/16,40%,19%,2/3,2/4,66%,50%,16,16,3,7,8,24,576,693,15,15,19,15,16,17,32,4,2,1,9,5,15,22,53,50,1,0,0,1,0,0,Estádio Governador Roberto Santos,Felipe Fernandes de Lima,Guilherme Dias Camilo,Marcus Vinícius Gomes,Joedson de Jesus Oliveira
2020,3,Vasco da Gama,São Paulo,2,1,H,0,0,D,0,0,0,0,2,0,0,0,0,0,0,1,4-2-3-1,4-2-3-1,Ramon Menezes,Fernando Diniz,41%,60%,312/380,479/553,82%,87%,3/8,5/11,38%,45%,4/5,1/3,80%,33%,16,15,3,4,8,21,552,717,18,13,19,5,11,12,25,7,1,1,6,7,19,25,62,40,2,0,0,5,0,0,Estádio Club de Regatas Vasco da Gama,Wilton Sampaio,Fabricio Vilarinho Da Silva,Bruno Raphael Pires,Felipe da Silva Gonçalves
2020,3,Fluminense,Internacional,2,1,H,1,1,D,0,0,1,0,0,1,0,1,0,0,0,0,4-3-3,4-4-2&#9670;,Odair Hellmann,Eduardo Coudet,44%,57%,259/339,339/434,76%,78%,5/10,3/9,50%,33%,1/3,3/5,33%,60%,13,24,1,4,9,16,550,611,18,27,13,6,16,20,14,5,1,1,5,4,24,23,48,66,2,0,0,2,0,0,Estadio Jornalista Mário Filho,Raphael Claus,Danilo Manis,Fabrini Bevilaqua Costa,Rejane Caetano da Silva
2020,3,Atlético Goianiense,Sport Recife,1,1,D,1,0,H,1,0,0,0,0,0,0,0,0,0,0,1,4-2-3-1,4-3-3,Vágner Mancini,Daniel Paulista,32%,68%,156/234,418/504,67%,83%,4/10,4/15,40%,27%,3/4,3/4,75%,75%,13,15,4,9,15,34,417,682,10,7,18,10,12,20,34,11,0,2,14,6,14,30,52,41,1,1,0,2,0,0,Estádio Olímpico Pedro Ludovico Teixeira,Grazianni Maciel Rocha,Luiz Claudio Regazzone,Lilian da Silva Fernandes Bruno,Rubens Paulo dos Santos
2020,3,Fortaleza,Botafogo (RJ),0,0,D,0,0,D,0,0,0,0,0,0,0,0,0,0,0,0,4-2-3-1,RJ,Rogério Ceni,Paulo Autuori,58%,42%,509/561,343/394,91%,87%,1/12,6/15,8%,40%,6/6,1/1,100%,100%,9,8,4,7,17,20,709,539,10,10,13,9,14,14,12,16,2,1,10,10,14,11,31,38,2,0,0,1,0,0,Estádio Castelão,Marielson Alves Silva,Alessandro Álvaro Rocha de Matos,Elicarlos Franco de Oliveira,Luis César De Oliveira Magalhães
2020,3,Santos,Atlético Paranaense,3,1,H,2,0,H,0,1,1,0,0,1,0,0,0,0,0,1,4-3-3,4-3-3,Cuca,Dorival Júnior,33%,67%,225/292,524/587,77%,89%,6/11,2/12,55%,17%,1/2,3/6,50%,50%,9,22,2,6,12,28,477,769,17,12,13,8,8,12,28,13,0,0,11,7,21,27,55,61,1,0,0,1,0,0,Estádio Urbano Caldeira,Anderson Daronco,Rafael da Silva Alves,Michael Stanislau,Thiago Luis Scarascati
2020,4,Flamengo,Grêmio,1,1,D,0,1,A,0,0,0,0,0,1,0,0,1,0,0,0,4-2-3-1,4-3-3,Domènec Torrent,Renato Gaúcho,60%,40%,522/595,311/388,88%,80%,2/8,2/10,25%,20%,1/2,1/2,50%,50%,17,20,1,2,11,7,755,531,12,15,18,11,13,8,4,10,1,3,7,8,20,14,49,52,3,0,0,3,0,0,Estadio Jornalista Mário Filho,Rafael Traci,Bruno Boschilia,Alex dos Santos,Philip Georg Bennett
2020,4,Bragantino,Fluminense,2,1,H,1,1,D,1,0,0,0,0,1,1,0,0,0,0,0,4-3-3,4-2-3-1,Felipe Conceição,Odair Hellmann,52%,48%,359/438,322/402,82%,80%,3/13,4/9,23%,44%,3/4,1/3,75%,33%,19,14,6,4,24,19,645,629,19,15,16,7,18,10,12,20,2,0,9,7,25,33,50,38,5,0,0,5,0,0,Estádio Nabi Abi Chedid,Jean Pierre Goncalves Lima,Leirson Peng Martins,Lúcio Beiersdorf Flor,Adriano De Assis Miranda
2020,4,Atlético Paranaense,Palmeiras,0,1,A,0,0,D,0,0,0,0,0,0,0,0,0,0,0,1,4-3-3,4-2-3-1,Dorival Júnior,Vanderlei Luxemburgo,56%,44%,361/452,267/341,80%,78%,0/6,3/10,0%,30%,2/3,0/0,66%,%,20,19,5,7,18,23,633,534,14,18,5,4,18,14,16,19,0,2,6,8,33,27,83,65,5,0,0,0,0,0,Estádio Joaquim Américo Guimarães,Caio Max Augusto Vieira,Jean Marcio dos Santos,Vinícius Melo de Lima,Murilo Ugolini Klein
2020,4,Internacional,Atlético Goianiense,3,0,H,0,0,D,0,0,0,1,1,1,0,0,0,0,0,0,4-3-3,4-3-3,Eduardo Coudet,Vágner Mancini,57%,43%,370/442,245/334,84%,73%,5/11,1/7,45%,14%,1/1,2/5,100%,40%,19,17,4,3,20,15,609,484,8,14,11,18,12,17,10,12,1,2,8,8,24,21,70,46,3,0,1,2,0,0,Estádio José Pinheiro Borba,Wagner Reway,Oberto da Silva Santos,Kildenn Tadeu Morais de Lucena,Lucas Guimarães Rechatiko Horn
2020,4,Goiás,Fortaleza,1,3,A,0,1,A,0,0,0,0,0,1,1,0,0,1,1,0,4-3-3,4-2-3-1,Ney Franco,Rogério Ceni,47%,53%,263/331,300/381,79%,79%,4/13,3/13,31%,23%,0/3,3/4,0%,75%,16,15,2,6,14,11,509,554,24,21,13,11,16,11,12,15,3,2,5,9,19,22,57,64,4,0,0,2,0,0,Estádio de Hailé Pinheiro,Dyorgines José Padovani Andrade,Fabiano Da Silva Ramires,Katiuscia Mayer Berger Mendonça,Osimar Moreira da Silva Júnior
2020,4,Corinthians,Coritiba,3,1,H,1,1,D,0,0,1,1,0,1,0,0,1,0,0,0,4-2-3-1,4-2-3-1,Tiago Nunes,Eduardo Barroca,63%,37%,534/583,293/354,92%,83%,13/23,4/9,57%,44%,3/4,9/13,75%,69%,15,7,10,0,32,8,758,529,15,8,17,5,20,6,6,20,0,3,8,16,13,26,42,50,2,0,0,1,0,1,Arena Corinthians,Braulio da Silva Machado,Henrique Neu Ribeiro,Eder Alexandre,Ilbert Estevam Da Silva
2020,4,Botafogo (RJ),Atlético Mineiro,2,1,H,1,0,H,0,1,0,0,0,1,0,0,0,0,0,1,RJ,4-2-3-1,Paulo Autuori,Jorge Sampaoli,26%,74%,132/209,530/608,63%,87%,5/10,9/31,50%,29%,8/9,3/5,88%,60%,9,10,7,16,16,33,411,817,12,18,16,9,21,18,36,14,1,2,19,5,8,22,75,31,2,0,0,0,0,0,Estádio Nilton Santos,Flavio Rodrigues De Souza,Neuza Inês Back,Alex Ang Ribeiro,João Ennio Sobral
2020,4,Sport Recife,Santos,0,1,A,0,0,D,0,0,0,0,0,0,0,0,0,0,0,1,4-2-3-1,4-3-3,Daniel Paulista,Cuca,41%,59%,268/348,438/515,77%,85%,5/11,5/16,45%,31%,4/5,5/5,80%,100%,23,17,4,5,21,15,503,700,8,18,7,9,14,10,9,15,1,1,12,6,16,16,45,68,4,0,0,2,0,0,Estádio Adelmar da Costa Carvalho,Jose Mendonca da Silva Junior,Ivan Carlos Bohn,Victor Imazu,César Pereira Leite
2020,4,São Paulo,Bahia,1,1,D,0,1,A,0,0,0,0,0,1,0,1,0,0,0,0,4-2-3-1,4-2-3-1,Fernando Diniz,Roger Machado,68%,32%,561/618,203/299,91%,68%,5/24,4/8,21%,50%,3/4,4/5,75%,80%,14,16,5,6,37,8,816,451,13,12,5,8,19,19,8,21,4,1,8,17,24,16,34,64,2,0,0,2,0,0,Estádio do Morumbi,Rodrigo Carvalhaes de Miranda,Rodrigo Figueiredo Henrique Correa,Daniel do Espirito Santo Parro,Adriano De Assis Miranda
2020,4,Ceará,Vasco da Gama,0,3,A,0,0,D,0,0,0,0,0,0,0,0,0,0,1,2,4-1-4-1,4-4-2,Guto Ferreira,Ramon Menezes,58%,42%,412/480,294/362,86%,81%,2/22,4/5,9%,80%,1/4,2/2,25%,100%,18,14,13,2,40,8,680,550,18,18,14,8,15,14,11,29,1,2,3,12,15,15,50,46,3,0,0,3,0,0,Estádio Castelão,Thiago Duarte Peixoto,Marcelo Van Gasse,Daniel Paulo Ziolli,Alexandre de Souza Peixoto
2020,5,Atlético Paranaense,Fluminense,0,1,A,0,1,A,0,0,0,0,0,0,0,0,1,0,0,0,4-3-3,4-2-3-1,Dorival Júnior,Odair Hellmann,65%,35%,527/607,241/327,87%,74%,5/14,2/9,36%,22%,2/2,5/5,100%,100%,21,12,7,2,37,11,818,532,14,16,14,14,19,14,9,24,1,2,5,10,23,22,77,44,4,0,0,3,0,0,Estádio Joaquim Américo Guimarães,Daniel Nobre Bins,José Eduardo Calza,Jorge Eduardo Bernardi,Robson Babinski
2020,5,Internacional,Atlético Mineiro,1,0,H,1,0,H,1,0,0,0,0,0,0,0,0,0,0,0,4-2-3-1,3-4-1-2,Eduardo Coudet,Jorge Sampaoli,33%,67%,189/306,502/621,62%,81%,3/6,1/11,50%,9%,0/1,2/3,0%,66%,20,21,2,5,9,16,495,820,18,11,12,16,18,24,29,9,3,1,10,3,16,22,85,61,1,0,0,2,0,0,Estádio José Pinheiro Borba,Luiz Flávio de Oliveira,Daniel Luis Marques,Evandro de Melo Lima,Lucas Guimarães Rechatiko Horn
2020,5,Goiás,Atlético Goianiense,2,0,H,1,0,H,0,1,0,0,0,1,0,0,0,0,0,0,4-3-3,4-2-3-1,Thiago Larghi,Vágner Mancini,34%,66%,186/274,436/534,68%,82%,2/6,4/16,33%,25%,4/4,0/2,100%,0%,26,19,3,11,13,30,493,736,25,13,24,8,20,24,30,11,5,2,13,6,20,29,75,56,5,0,0,2,0,0,Estádio de Hailé Pinheiro,Wilton Sampaio,Fabricio Vilarinho Da Silva,Bruno Raphael Pires,Breno Vieira Souza
2020,5,Flamengo,Botafogo (RJ),1,1,D,0,0,D,0,0,0,0,0,1,0,0,0,0,0,1,4-4-2,RJ,Domènec Torrent,Paulo Autuori,67%,33%,566/639,244/311,89%,78%,5/15,1/7,33%,14%,0/1,4/5,0%,80%,15,17,5,4,26,14,825,494,9,14,12,20,17,5,13,29,0,2,6,5,20,18,36,57,3,0,0,3,0,0,Estadio Jornalista Mário Filho,Leandro Pedro Vuaden,Rafael da Silva Alves,Lúcio Beiersdorf Flor,Paulo Renato Moreira da Silva Coelho
2020,5,Palmeiras,Santos,2,1,H,1,0,H,0,0,1,0,1,0,0,0,0,1,0,0,4-2-3-1,4-3-3,Vanderlei Luxemburgo,Cuca,49%,51%,281/362,283/375,78%,75%,5/17,2/9,29%,22%,2/2,3/5,100%,60%,21,14,5,6,16,17,525,531,5,8,12,13,23,7,16,14,4,0,9,9,12,14,58,55,5,0,0,3,1,0,Allianz Parque,Vinicius Gonçalves Dias Araujo,Danilo Manis,Miguel Cataneo Ribeiro Da Costa,Ilbert Estevam Da Silva
2020,5,Vasco da Gama,Grêmio,0,0,D,0,0,D,0,0,0,0,0,0,0,0,0,0,0,0,4-1-4-1,4-2-3-1,Ramon Menezes,Renato Gaúcho,47%,53%,333/413,391/473,81%,83%,3/10,4/14,30%,29%,4/4,3/3,100%,100%,23,17,6,4,12,13,610,670,19,25,16,10,16,13,9,10,1,0,6,6,20,19,50,44,5,0,0,2,0,0,Estádio Club de Regatas Vasco da Gama,Savio Pereira,Daniel Henrique da Silva Andrade,Jose Reinaldo do Nascimento Júnior,Felipe da Silva Gonçalves
2020,5,Bragantino,Coritiba,1,2,A,1,1,D,0,0,1,0,0,0,0,0,1,1,0,0,4-3-3,4-2-3-1,Felipe Conceição,Mozart,47%,53%,263/324,298/397,81%,75%,2/15,4/7,13%,57%,2/4,1/2,50%,50%,17,18,10,3,32,8,541,587,12,28,14,12,7,11,6,22,1,2,4,14,25,21,37,64,2,0,1,0,0,0,Estádio Nabi Abi Chedid,Gilberto Rodrigues Castro Junior,Eduardo Goncalves da Cruz,Clovis Amaral da Silva,Thiago Lourenço De Mattos
2020,5,Sport Recife,São Paulo,0,1,A,0,1,A,0,0,0,0,0,0,1,0,0,0,0,0,4-2-3-1,4-3-3,Daniel Paulista,Fernando Diniz,55%,45%,450/518,359/429,87%,84%,2/10,4/11,20%,36%,3/4,2/2,75%,100%,21,25,0,3,14,13,667,576,12,13,12,5,10,7,8,18,1,0,5,10,16,12,56,50,2,0,0,3,0,0,Estádio Adelmar da Costa Carvalho,Rodrigo D'Alonso Ferreira,Thiago Americano Labes,Helton Nunes,Tiago Nascimento dos Santos
2020,5,Ceará,Bahia,2,0,H,1,0,H,1,0,0,0,1,0,0,0,0,0,0,0,4-2-3-1,4-2-3-1,Guto Ferreira,Roger Machado,38%,62%,259/336,456/539,77%,85%,4/11,7/16,36%,44%,7/7,2/4,100%,50%,21,7,6,11,15,32,530,751,20,12,12,8,21,21,28,9,1,1,7,7,21,24,53,50,1,0,0,2,0,0,Estádio Castelão,Wagner do Nascimento Magalhaes,Thiago Henrique Neto Correa Farinha,Thiago Rosa de Oliveira,Antônio Magno Lima Cordeiro 
2020,5,Corinthians,Fortaleza,1,1,D,0,0,D,0,0,0,0,0,1,0,0,0,0,1,0,4-2-3-1,4-2-3-1,Tiago Nunes,Rogério Ceni,59%,41%,501/583,330/406,86%,81%,7/21,3/10,33%,30%,2/3,6/7,66%,85%,14,12,5,1,14,8,736,567,9,14,12,10,8,16,5,19,0,5,9,12,20,17,50,74,0,0,0,2,0,0,Arena Corinthians,Rodolpho Toski Marques,Sidmar dos Santos Meurer,Rafael Trombeta,Lucas Canetto Bellote
2020,6,Botafogo (RJ),Internacional,0,2,A,0,2,A,0,0,0,0,0,0,1,1,0,0,0,0,RJ,4-2-2-2,Paulo Autuori,Eduardo Coudet,49%,51%,397/472,441/512,84%,86%,2/7,4/7,29%,57%,2/4,2/2,50%,100%,14,24,5,3,16,4,615,651,9,12,9,10,6,13,5,26,2,2,5,5,14,12,53,70,3,0,0,1,0,0,Estádio Nilton Santos,Thiago Duarte Peixoto,Danilo Manis,Miguel Cataneo Ribeiro Da Costa,Daniel Victor Costa Silva
2020,6,Fluminense,Vasco da Gama,2,1,H,1,0,H,1,0,0,0,0,1,0,0,0,0,0,1,4-2-3-1,4-1-4-1,Odair Hellmann,Ramon Menezes,46%,54%,387/450,443/520,86%,85%,3/12,4/9,25%,44%,3/4,1/3,75%,33%,19,16,2,4,9,14,631,686,13,17,21,11,10,16,8,11,1,1,6,8,21,17,47,49,4,0,0,1,0,1,Estadio Jornalista Mário Filho,Braulio da Silva Machado,Kleber Lucio Gil,Henrique Neu Ribeiro,Grazianni Maciel Rocha
2020,6,Bahia,Palmeiras,1,1,D,0,0,D,0,0,0,0,0,1,0,0,0,0,0,1,4-2-3-1,4-2-3-1,Roger Machado,Vanderlei Luxemburgo,49%,51%,346/419,369/454,83%,81%,1/9,5/11,11%,45%,4/5,0/1,80%,0%,15,16,8,2,23,10,609,632,10,19,7,10,8,16,11,22,1,4,6,2,19,20,43,59,2,0,0,2,0,0,Estádio Governador Roberto Santos,Bruno Arleu de Araujo,Rodrigo Figueiredo Henrique Correa,Michael Correia,Ricarle Gonçalves Batista
2020,6,Fortaleza,Bragantino,3,0,H,1,0,H,0,0,1,1,0,1,0,0,0,0,0,0,4-2-3-1,4-1-4-1,Rogério Ceni,Felipe Conceição,59%,41%,492/567,322/387,87%,83%,6/13,2/6,46%,33%,2/2,3/6,100%,50%,22,10,3,4,16,15,725,545,12,16,9,7,13,7,14,15,0,1,8,7,28,13,90,39,2,0,0,2,0,1,Estádio Castelão,Rafael Traci,Alex dos Santos,Eli Alves Sviderski,Luciano da Silva Miranda
2020,6,São Paulo,Corinthians,2,1,H,1,1,D,1,0,0,0,0,1,0,0,1,0,0,0,4-3-3,4-2-3-1,Fernando Diniz,Tiago Nunes,54%,47%,373/434,302/387,86%,78%,5/14,5/7,36%,71%,4/5,3/5,80%,60%,16,22,7,4,25,11,628,537,9,20,9,10,11,14,7,21,2,1,6,10,19,16,53,50,3,0,0,0,0,0,Estádio do Morumbi,Flavio Rodrigues De Souza,Neuza Inês Back,Alex Ang Ribeiro,Rafael Gomes Felix da Silva
2020,6,Santos,Flamengo,0,1,A,0,1,A,0,0,0,0,0,0,0,0,1,0,0,0,4-3-3,4-2-3-1,Cuca,Domènec Torrent,52%,48%,356/420,320/399,85%,80%,5/22,6/10,23%,60%,5/6,5/5,83%,100%,14,26,9,2,20,8,619,564,14,15,17,15,5,13,4,16,5,1,5,11,19,17,44,57,5,0,0,7,0,0,Estádio Urbano Caldeira,Wilton Sampaio,Bruno Raphael Pires,Leone Carvalho,Lucas Canetto Bellote
2020,6,Coritiba,Sport Recife,1,0,H,0,0,D,0,0,0,0,0,1,0,0,0,0,0,0,4-2-3-1,4-4-2,Jorginho,Jair Ventura,58%,42%,478/557,305/385,86%,79%,3/13,2/7,23%,29%,1/2,2/3,50%,66%,14,19,5,2,16,24,731,555,20,20,7,16,20,10,18,12,0,1,12,5,17,24,68,61,1,0,0,4,0,0,Estádio Major Antônio Couto Pereira,Raphael Claus,Marcelo Van Gasse,Fabrini Bevilaqua Costa,Luiz Alexandre Fernandes
2020,6,Atlético Goianiense,Ceará,0,2,A,0,0,D,0,0,0,0,0,0,0,0,0,0,1,1,4-2-3-1,4-2-3-1,Vágner Mancini,Guto Ferreira,54%,46%,288/360,224/305,80%,73%,4/14,5/13,29%,38%,3/5,4/4,60%,100%,16,11,4,4,18,17,562,503,14,21,13,11,17,18,14,21,1,2,6,12,33,26,53,68,1,0,1,2,0,0,Estádio Olímpico Pedro Ludovico Teixeira,Igor Junior Benevenuto,Ricardo Junio de Souza,Sidmar dos Santos Meurer,Osimar Moreira da Silva Júnior
2020,7,Ceará,Fortaleza,1,0,H,1,0,H,0,0,1,0,0,0,0,0,0,0,0,0,4-2-3-1,4-2-3-1,Guto Ferreira,Rogério Ceni,27%,73%,161/226,522/612,71%,85%,4/9,0/5,44%,0%,0/0,3/4,%,75%,22,18,2,6,9,17,411,788,18,13,16,3,22,21,26,7,4,2,10,7,14,35,39,94,2,0,0,2,0,0,Estádio Castelão,Luiz Flávio de Oliveira,Miguel Cataneo Ribeiro Da Costa,Luiz Alberto Andrini Nogueira,Luis César De Oliveira Magalhães
2020,7,Goiás,Corinthians,1,2,A,0,1,A,0,0,0,0,1,0,0,1,0,0,0,1,4-3-3,4-2-3-1,Thiago Larghi,Tiago Nunes,46%,54%,376/443,445/511,85%,87%,3/11,4/11,27%,36%,3/4,3/3,75%,100%,16,12,3,6,15,29,632,697,18,15,14,8,9,13,22,18,1,0,9,6,22,21,66,55,1,0,0,3,0,0,Estádio de Hailé Pinheiro,Jose Mendonca da Silva Junior,Ivan Carlos Bohn,Victor Imazu,Anderson Ribeiro Gonçalves
2020,7,Fluminense,Atlético Goianiense,1,1,D,1,0,H,1,0,0,0,0,0,0,0,0,0,0,1,4-4-2,4-2-3-1,Odair Hellmann,Vágner Mancini,43%,57%,286/367,395/465,78%,85%,4/11,3/15,36%,20%,2/3,3/4,66%,75%,14,16,2,9,10,30,543,672,15,19,12,9,10,17,17,12,0,1,16,7,17,26,61,42,3,1,0,1,0,0,Estadio Jornalista Mário Filho,Marielson Alves Silva,Alessandro Álvaro Rocha de Matos,Elicarlos Franco de Oliveira,Philip Georg Bennett
2020,7,Botafogo (RJ),Coritiba,0,0,D,0,0,D,0,0,0,0,0,0,0,0,0,0,0,0,RJ,4-2-3-1,Paulo Autuori,Jorginho,55%,45%,438/520,342/425,84%,80%,6/17,3/7,35%,43%,3/3,5/6,100%,83%,23,21,6,6,22,16,680,595,14,11,8,16,17,6,8,19,1,0,4,6,21,13,65,60,1,0,0,1,0,0,Estádio Nilton Santos,Felipe Fernandes de Lima,Felipe Alan Costa de Oliveira,Celso Luiz Da Silva,Rafael Martins de Sá
2020,7,Bahia,Flamengo,3,5,A,2,3,A,0,0,2,0,0,1,1,1,1,2,0,0,4-2-3-1,4-2-3-1,Roger Machado,Domènec Torrent,42%,58%,378/456,552/642,83%,86%,6/14,9/20,43%,45%,3/9,3/6,33%,50%,8,17,5,6,16,11,642,824,19,17,15,14,10,19,12,12,2,2,13,7,13,21,55,45,1,0,0,2,0,0,Estádio Governador Roberto Santos,Savio Pereira,Daniel Henrique da Silva Andrade,Jose Reinaldo do Nascimento Júnior,Bruno Pereira Vasconcelos
2020,7,Atlético Paranaense,Bragantino,1,1,D,1,1,D,0,1,0,0,0,0,0,1,0,0,0,0,4-2-3-1,4-2-3-1,Eduardo Maciel de Barros,Marcinho,58%,42%,410/491,268/350,84%,77%,5/11,3/18,45%,17%,2/3,4/5,66%,80%,15,12,2,8,15,21,679,559,13,19,9,15,12,13,16,13,1,0,11,5,18,31,57,66,2,0,0,2,0,0,Estádio Joaquim Américo Guimarães,Wagner do Nascimento Magalhaes,Thiago Henrique Neto Correa Farinha,Thiago Rosa de Oliveira,Leonardo Ferreira Lima
2020,7,Santos,Vasco da Gama,2,2,D,1,1,D,0,1,0,1,0,0,0,0,1,0,1,0,4-3-3,4-1-4-1,Cuca,Ramon Menezes,61%,39%,347/409,204/267,85%,76%,5/11,3/9,45%,33%,1/3,3/5,33%,60%,17,21,9,2,29,7,563,417,15,12,13,11,7,7,7,17,2,1,6,7,14,17,35,46,2,0,0,3,0,0,Estádio Urbano Caldeira,Rodrigo D'Alonso Ferreira,Helton Nunes,Eder Alexandre,Rafael Gomes Felix da Silva
2020,7,Palmeiras,Internacional,1,1,D,0,0,D,0,0,0,0,0,1,0,0,0,0,0,1,4-3-2-1,4-4-2&#9670;,Vanderlei Luxemburgo,Eduardo Coudet,50%,50%,272/373,276/378,73%,73%,1/11,2/8,9%,25%,1/2,0/1,50%,0%,21,23,5,4,19,12,553,542,14,14,19,7,22,11,7,12,1,0,6,6,15,18,71,71,3,0,0,5,0,0,Allianz Parque,Wilton Sampaio,Bruno Raphael Pires,Leone Carvalho,Salim Fende Chavez
2020,7,Grêmio,Sport Recife,1,2,A,0,1,A,0,0,0,0,0,1,1,0,0,0,1,0,4-2-3-1,4-2-3-1,Renato Gaúcho,Jair Ventura,72%,28%,584/676,165/274,86%,60%,7/28,3/5,25%,60%,1/3,6/7,33%,85%,10,11,11,1,48,3,886,432,5,15,5,11,20,13,6,41,1,1,3,15,20,8,56,69,1,0,0,5,0,0,Arena do Grêmio,Dyorgines José Padovani Andrade,Fabiano Da Silva Ramires,Katiuscia Mayer Berger Mendonça,Jonathan Benkenstein Pinheiro
2020,7,Atlético Mineiro,São Paulo,3,0,H,2,0,H,0,0,2,1,0,0,0,0,0,0,0,0,4-2-3-1,4-2-3-1,Jorge Sampaoli,Fernando Diniz,51%,49%,403/493,366/466,82%,79%,8/14,4/13,57%,31%,4/4,5/8,100%,62%,18,11,5,3,13,12,670,663,25,17,11,6,15,9,14,7,3,1,5,8,12,38,80,58,0,0,0,0,0,0,Estádio Raimundo Sampaio,Jean Pierre Goncalves Lima,Lúcio Beiersdorf Flor,Leirson Peng Martins,Michel Patrick Costa Guimarães
2020,8,Flamengo,Fortaleza,2,1,H,1,1,D,1,0,0,0,0,1,1,0,0,0,0,0,4-2-3-1,4-2-3-1,Domènec Torrent,Rogério Ceni,62%,38%,449/512,265/328,88%,81%,8/18,2/4,44%,50%,1/2,6/8,50%,75%,12,21,11,3,33,7,679,494,13,19,8,18,17,14,5,27,3,4,1,12,14,9,27,60,1,0,0,1,0,0,Estadio Jornalista Mário Filho,Flavio Rodrigues De Souza,Marcelo Van Gasse,Alex Ang Ribeiro,Tarcizo Pinheiro Caetano
2020,8,Corinthians,Botafogo (RJ),2,2,D,1,1,D,1,0,0,0,0,1,0,1,0,0,1,0,4-2-3-1,RJ,Tiago Nunes,Paulo Autuori,61%,39%,472/541,280/339,87%,83%,6/14,3/13,43%,23%,1/3,4/6,33%,66%,18,10,12,6,32,27,724,550,11,13,9,15,14,11,22,31,1,2,15,7,19,19,60,53,3,0,0,1,0,0,Arena Corinthians,Rafael Traci,Alex dos Santos,Henrique Neu Ribeiro,Salim Fende Chavez
2020,8,Ceará,Santos,0,1,A,0,1,A,0,0,0,0,0,0,1,0,0,0,0,0,4-2-3-1,4-2-3-1,Guto Ferreira,Cuca,63%,37%,343/412,176/236,83%,75%,6/13,4/9,46%,44%,3/4,6/6,75%,100%,18,18,7,5,24,16,571,405,10,12,5,8,9,9,11,20,1,2,5,8,18,13,50,50,3,2,3,4,0,2,Estádio Castelão,Wagner Reway,Oberto da Silva Santos,Kildenn Tadeu Morais de Lucena,Leo Simão Holanda
2020,8,Bragantino,Palmeiras,1,2,A,0,0,D,0,0,0,1,0,0,0,0,0,0,1,1,4-2-3-1,4-1-4-1,Maurício Barbieri,Vanderlei Luxemburgo,38%,62%,275/349,498/579,79%,86%,4/20,4/14,20%,29%,2/4,3/4,50%,75%,23,12,5,3,16,21,547,793,17,19,13,11,4,14,16,19,1,2,7,10,16,18,45,53,1,0,1,3,0,0,Estádio Nabi Abi Chedid,Marcelo de Lima Henrique,Carlos Henrique Alves de Lima Filho,Daniel do Espirito Santo Parro,Humberto Jose Junior
2020,8,São Paulo,Fluminense,3,1,H,0,1,A,0,0,0,2,0,1,0,0,1,0,0,0,4-2-3-1,4-2-3-1,Fernando Diniz,Odair Hellmann,50%,50%,355/436,355/438,81%,81%,3/14,4/12,21%,33%,3/4,0/3,75%,0%,20,13,3,2,13,11,606,599,9,12,8,13,14,11,13,9,0,2,5,11,24,18,50,64,3,0,0,0,0,0,Estádio do Morumbi,Paulo Roberto Alves Júnior,Sidmar dos Santos Meurer,Rafael Trombeta,Ilbert Estevam Da Silva
2020,8,Internacional,Bahia,2,2,D,1,1,D,0,1,0,0,1,0,0,1,0,0,0,1,4-3-1-2,4-4-2&#9670;,Eduardo Coudet,Cláudio Prates,62%,38%,398/474,202/290,84%,70%,5/9,4/9,56%,44%,1/4,3/5,25%,60%,11,11,7,5,26,14,651,456,16,16,10,12,15,19,12,23,0,1,4,5,22,25,62,43,2,0,0,3,0,0,Estádio José Pinheiro Borba,Braulio da Silva Machado,Neuza Inês Back,Eder Alexandre,Anderson da Silveira Farias
2020,8,Vasco da Gama,Atlético Paranaense,1,0,H,1,0,H,1,0,0,0,0,0,0,0,0,0,0,0,4-2-3-1,4-1-4-1,Ramon Menezes,Eduardo Maciel de Barros,32%,68%,218/291,527/605,75%,87%,2/8,4/14,25%,29%,4/4,1/2,100%,50%,7,16,3,2,8,21,473,769,14,21,10,11,9,10,20,3,2,1,4,8,19,21,54,48,1,0,0,1,0,0,Estádio Club de Regatas Vasco da Gama,Raphael Claus,Danilo Manis,Daniel Paulo Ziolli,Yuri Elino Ferreira da Cruz
2020,8,Atlético Goianiense,Grêmio,1,1,D,1,1,D,1,0,0,0,0,0,0,0,1,0,0,0,4-2-3-1,4-2-3-1,Vágner Mancini,Renato Gaúcho,49%,51%,393/462,392/474,85%,83%,2/8,2/6,25%,33%,1/2,1/2,50%,50%,16,13,3,3,17,22,640,644,13,16,26,12,15,12,19,11,0,1,8,10,13,22,66,62,1,0,0,3,1,0,Estádio Olímpico Pedro Ludovico Teixeira,Ricardo Marques Ribeiro,Marcus Vinícius Gomes,Frederico Soares Vilarinho,Anderson Ribeiro Gonçalves
2020,8,Coritiba,Atlético Mineiro,0,1,A,0,1,A,0,0,0,0,0,0,0,0,1,0,0,0,4-2-3-1,4-1-4-1,Jorginho,Jorge Sampaoli,47%,53%,352/442,405/482,80%,84%,3/13,2/19,23%,11%,1/2,3/3,50%,100%,14,19,4,4,16,22,622,674,16,19,12,11,12,10,17,9,0,2,15,8,22,20,81,50,1,0,0,3,0,0,Estádio Major Antônio Couto Pereira,Diego Pombo Lopez,Alessandro Álvaro Rocha de Matos,Jucimar dos Santos Dias,Murilo Ugolini Klein
2020,8,Sport Recife,Goiás,2,1,H,0,0,D,0,0,0,1,0,1,0,0,0,0,1,0,4-2-3-1,4-3-3,Jair Ventura,Thiago Larghi,52%,48%,403/482,387/455,84%,85%,6/17,4/10,35%,40%,4/4,4/6,100%,66%,18,17,9,4,29,12,667,654,16,18,5,8,15,20,17,26,1,0,7,7,17,17,58,66,1,0,0,0,0,0,Estádio Adelmar da Costa Carvalho,Vinicius Gomes do Amaral,Leirson Peng Martins,Michael Stanislau,Michelangelo Martins de Almeida Junior
2020,9,Atlético Paranaense,Botafogo (RJ),1,1,D,0,0,D,0,0,0,0,0,1,0,0,0,0,0,1,4-1-4-1,RJ,Eduardo Maciel de Barros,Paulo Autuori,61%,39%,445/495,255/310,90%,82%,3/17,5/12,18%,42%,4/5,2/3,80%,66%,19,10,7,3,18,17,648,488,7,19,10,7,13,5,13,17,3,2,5,8,9,24,51,55,1,0,0,0,0,0,Estádio Joaquim Américo Guimarães,Vinicius Gonçalves Dias Araujo,Marcelo Van Gasse,Miguel Cataneo Ribeiro Da Costa,Luiz Alexandre Fernandes
2020,9,Goiás,Coritiba,3,3,D,1,2,A,0,0,1,0,0,2,1,0,1,0,0,1,4-3-3,4-2-3-1,Thiago Larghi,Jorginho,55%,46%,392/455,319/388,86%,82%,6/19,3/13,32%,23%,0/3,4/6,0%,66%,27,13,9,2,28,16,630,585,14,15,12,13,16,15,11,25,0,2,6,8,25,14,55,59,5,1,0,2,0,1,Estádio de Hailé Pinheiro,Caio Max Augusto Vieira,Eduardo Goncalves da Cruz,Jean Marcio dos Santos,Osimar Moreira da Silva Júnior
2020,9,Fortaleza,Sport Recife,1,0,H,0,0,D,0,0,0,1,0,0,0,0,0,0,0,0,4-2-3-1,4-2-3-1,Rogério Ceni,Jair Ventura,53%,47%,359/410,304/368,88%,83%,4/12,1/4,33%,25%,1/1,3/4,100%,75%,27,14,6,1,23,9,552,490,5,15,7,4,20,15,11,25,0,2,5,11,14,13,56,53,5,0,0,1,0,0,Estádio Castelão,Felipe Fernandes de Lima,Felipe Alan Costa de Oliveira,Celso Luiz Da Silva,Antônio Magno Lima Cordeiro 
2020,9,São Paulo,Bragantino,1,1,D,0,0,D,0,0,0,0,0,1,0,0,0,1,0,0,4-2-3-1,4-4-2,Fernando Diniz,Maurício Barbieri,59%,41%,420/490,259/346,86%,75%,5/14,2/10,36%,20%,1/2,3/5,50%,60%,18,18,5,1,35,7,685,532,17,14,11,9,11,9,6,25,5,2,5,7,25,25,42,65,4,0,0,2,0,0,Estádio do Morumbi,Savio Pereira,Daniel Henrique da Silva Andrade,Jose Reinaldo do Nascimento Júnior,Thiago Luis Scarascati
2020,9,Santos,Atlético Mineiro,3,1,H,2,1,H,0,1,1,0,0,1,0,0,1,0,0,0,4-3-3,4-2-3-1,Cuca,Jorge Sampaoli,42%,58%,229/302,325/413,76%,79%,4/8,4/16,50%,25%,3/4,1/4,75%,25%,11,15,4,5,10,17,478,569,10,18,16,6,8,8,21,7,4,1,8,6,18,35,52,55,1,0,0,2,0,1,Estádio Urbano Caldeira,Wagner do Nascimento Magalhaes,Rodrigo Figueiredo Henrique Correa,Thiago Henrique Neto Correa Farinha,Vinicius Furlan
2020,9,Fluminense,Flamengo,1,2,A,0,2,A,0,0,0,0,0,1,1,0,1,0,0,0,4-1-4-1,4-2-3-1,Odair Hellmann,Domènec Torrent,47%,53%,373/441,447/510,85%,88%,3/18,6/13,17%,46%,4/6,2/3,66%,66%,15,16,7,6,24,17,645,701,16,18,8,11,10,10,11,21,1,2,7,6,15,13,50,56,1,0,0,1,0,0,Estadio Jornalista Mário Filho,Raphael Claus,Danilo Manis,Neuza Inês Back,Felipe da Silva Gonçalves
2020,9,Corinthians,Palmeiras,0,2,A,0,1,A,0,0,0,0,0,0,0,0,1,0,1,0,4-2-3-1,4-1-4-1,Tiago Nunes,Vanderlei Luxemburgo,55%,46%,469/517,379/430,91%,88%,4/10,8/21,40%,38%,6/8,4/4,75%,100%,13,16,5,6,16,15,683,606,13,15,6,11,3,9,11,14,1,2,13,3,14,14,46,47,3,1,2,2,0,0,Arena Corinthians,Leandro Pedro Vuaden,Alessandro Álvaro Rocha de Matos,Lúcio Beiersdorf Flor,Ilbert Estevam Da Silva
2020,9,Internacional,Ceará,2,0,H,1,0,H,0,0,1,0,0,1,0,0,0,0,0,0,4-3-1-2,4-2-3-1,Eduardo Coudet,Guto Ferreira,62%,38%,420/511,213/311,82%,68%,9/17,1/6,53%,17%,0/1,7/9,0%,77%,15,16,10,3,25,19,710,486,15,12,13,10,16,26,23,19,1,1,8,8,25,22,71,60,0,0,0,2,0,0,Estádio José Pinheiro Borba,Rodrigo D'Alonso Ferreira,Helton Nunes,Johnny Barros de Oliveira,Douglas Schwengber da Silva
2020,9,Bahia,Grêmio,0,2,A,0,1,A,0,0,0,0,0,0,0,1,0,1,0,0,4-3-1-2,4-2-3-1,Cláudio Prates,Renato Gaúcho,50%,50%,429/471,416/476,91%,87%,6/17,6/18,35%,33%,4/6,6/6,66%,100%,12,9,8,4,24,13,633,634,9,10,11,5,7,11,13,21,1,2,11,9,14,15,32,48,1,0,1,3,1,0,Estádio Governador Roberto Santos,Jose Mendonca da Silva Junior,Ivan Carlos Bohn,Jefferson Cleiton Piva da Silva,Irinaldo Jorge dos Santos Silva
2020,9,Vasco da Gama,Atlético Goianiense,1,2,A,0,0,D,0,0,0,0,1,0,0,0,0,0,2,0,4-2-3-1,4-2-3-1,Ramon Menezes,Vágner Mancini,54%,46%,391/470,308/379,83%,81%,5/9,7/13,56%,54%,5/7,4/5,71%,80%,15,23,1,4,10,21,634,547,14,17,8,11,14,7,16,8,0,1,7,5,18,20,64,45,2,0,1,1,0,0,Estádio Club de Regatas Vasco da Gama,Heber Roberto Lopes,Alex dos Santos,Thiago Americano Labes,João Ennio Sobral
2020,10,Atlético Paranaense,Coritiba,1,0,H,1,0,H,1,0,0,0,0,0,0,0,0,0,0,0,4-4-2,4-2-3-1,Eduardo Maciel de Barros,Jorginho,43%,57%,301/346,395/463,87%,85%,2/10,1/5,20%,20%,1/1,1/2,100%,50%,21,12,9,6,23,22,538,640,13,14,8,9,10,12,19,21,3,3,8,5,27,23,62,61,4,0,0,1,1,0,Estádio Joaquim Américo Guimarães,Jean Pierre Goncalves Lima,Rodrigo Figueiredo Henrique Correa,Neuza Inês Back,Cristian Eduardo Gorski da Luz
2020,10,Santos,São Paulo,2,2,D,1,2,A,0,1,0,0,0,1,1,0,1,0,0,0,4-2-3-1,4-3-3,Cuca,Fernando Diniz,55%,45%,336/410,274/337,82%,81%,5/10,6/12,50%,50%,4/6,4/5,66%,80%,18,20,5,2,19,14,577,507,18,13,8,14,13,13,10,20,1,3,5,9,18,18,66,58,3,0,0,2,0,0,Estádio Urbano Caldeira,Luiz Flávio de Oliveira,Marcelo Van Gasse,Miguel Cataneo Ribeiro Da Costa,Rafael Gomes Felix da Silva
2020,10,Grêmio,Fortaleza,1,1,D,0,1,A,0,0,0,1,0,0,0,1,0,0,0,0,4-2-3-1,4-2-3-1,Renato Gaúcho,Rogério Ceni,56%,44%,476/530,370/423,90%,87%,3/14,2/3,21%,67%,1/2,2/3,50%,66%,11,13,6,2,23,9,694,569,13,18,8,7,12,13,11,35,2,0,2,9,17,10,24,47,1,0,1,2,0,1,Arena do Grêmio,Igor Junior Benevenuto,Guilherme Dias Camilo,Sidmar dos Santos Meurer,Eleno Gonzalez Todeschini
2020,10,Fluminense,Corinthians,2,1,H,1,0,H,1,0,0,0,0,1,0,0,0,0,0,1,4-2-3-1,4-1-4-1,Odair Hellmann,Dyego Rocha Coelho,48%,52%,292/353,313/376,83%,83%,3/15,3/9,20%,33%,2/3,1/3,66%,33%,14,15,5,8,14,17,532,554,21,15,7,10,22,24,16,12,0,2,9,9,19,26,40,54,2,0,1,4,0,0,Estadio Jornalista Mário Filho,Braulio da Silva Machado,Helton Nunes,Thiago Americano Labes,Yuri Elino Ferreira da Cruz
2020,10,Goiás,Internacional,1,0,H,1,0,H,0,0,1,0,0,0,0,0,0,0,0,0,4-1-4-1,4-2-3-1,Thiago Larghi,Eduardo Coudet,22%,79%,106/168,516/571,63%,90%,1/6,4/15,17%,27%,4/4,0/1,100%,0%,10,14,0,12,2,55,333,730,7,10,4,4,25,10,53,2,1,5,12,4,9,20,56,42,4,0,1,3,0,0,Estádio de Hailé Pinheiro,Flavio Rodrigues De Souza,Danilo Manis,Alex Ang Ribeiro,Breno Vieira Souza
2020,10,Ceará,Flamengo,2,0,H,0,0,D,0,0,0,2,0,0,0,0,0,0,0,0,4-4-2,4-2-3-1,Guto Ferreira,Domènec Torrent,37%,63%,247/335,478/565,74%,85%,3/8,2/11,38%,18%,2/2,1/3,100%,33%,8,6,5,8,11,29,541,790,30,30,9,15,16,16,23,16,2,2,10,4,25,28,63,51,1,0,0,0,0,0,Estádio Castelão,Marielson Alves Silva,Alessandro Álvaro Rocha de Matos,Jucimar dos Santos Dias,Luciano da Silva Miranda
2020,10,Atlético Mineiro,Bragantino,2,1,H,1,0,H,0,1,0,0,0,1,0,0,0,1,0,0,3-5-2,5-4-1,Jorge Sampaoli,Maurício Barbieri,64%,36%,474/553,231/308,86%,75%,7/14,4/12,50%,33%,3/4,5/7,75%,71%,13,18,8,3,19,14,748,499,11,20,13,15,16,12,11,20,5,0,7,9,17,20,57,57,1,0,0,1,0,0,Estádio Raimundo Sampaio,Ramon Abatti Abel,Alex dos Santos,Henrique Neu Ribeiro,Gabriel Murta Barbosa Maciel
2020,10,Bahia,Atlético Goianiense,0,1,A,0,1,A,0,0,0,0,0,0,0,0,1,0,0,0,4-1-4-1,4-2-3-1,Mano Menezes,Vágner Mancini,53%,47%,340/427,299/380,80%,79%,2/9,4/12,22%,33%,2/4,1/2,50%,50%,16,20,5,5,13,18,614,557,15,8,11,9,15,12,16,14,5,1,10,5,25,24,45,44,2,0,1,2,0,0,Estádio Governador Roberto Santos,Vinicius Gomes do Amaral,Jorge Eduardo Bernardi,José Eduardo Calza,Moisés Ferreira Simão
2020,10,Palmeiras,Sport Recife,2,2,D,2,1,H,0,1,1,0,0,0,1,0,0,0,1,0,4-2-3-1,4-2-3-1,Vanderlei Luxemburgo,Jair Ventura,64%,36%,485/557,239/316,87%,76%,7/20,4/9,35%,44%,2/4,5/7,50%,71%,15,12,6,2,21,11,716,485,15,9,10,13,15,9,5,25,3,1,5,12,27,20,50,57,2,1,0,3,0,1,Allianz Parque,Diego Pombo Lopez,Elicarlos Franco de Oliveira,Oberto da Silva Santos,Vinicius Gonçalves Dias Araujo
2020,10,Botafogo (RJ),Vasco da Gama,2,3,A,0,1,A,0,0,0,1,0,1,0,0,1,0,2,0,RJ,4-2-3-1,Paulo Autuori,Ramon Menezes,50%,50%,358/428,363/443,84%,82%,9/25,6/14,36%,43%,3/6,7/9,50%,77%,18,8,5,4,27,14,630,665,12,15,13,15,19,14,10,28,0,2,7,4,19,27,58,55,2,0,0,2,0,0,Estádio Nilton Santos,Wilton Sampaio,Bruno Raphael Pires,Leone Carvalho,João Ennio Sobral
2020,11,São Paulo,Atlético Paranaense,1,0,H,0,0,D,0,0,0,0,1,0,0,0,0,0,0,0,4-3-3,4-3-3,Fernando Diniz,Dorival Júnior,57%,43%,530/605,370/459,88%,81%,5/16,3/5,31%,60%,3/3,5/5,100%,100%,13,16,4,1,27,9,811,650,16,22,21,16,9,11,11,25,3,1,4,9,24,17,65,64,2,0,0,1,0,0,Estádio do Morumbi,Marcelo de Lima Henrique,Michael Correia,Carlos Henrique Alves de Lima Filho,Salim Fende Chavez
2020,11,Corinthians,Bahia,3,2,H,2,1,H,0,1,1,0,1,0,0,0,1,0,0,1,4-2-3-1,4-2-3-1,Dyego Rocha Coelho,Mano Menezes,33%,67%,196/275,472/532,71%,89%,5/11,6/24,45%,25%,3/6,2/5,50%,40%,15,13,4,11,11,44,451,751,17,10,9,7,12,23,32,8,1,5,14,3,21,33,66,39,3,0,0,2,0,0,Arena Corinthians,Wagner do Nascimento Magalhaes,Daniel do Espirito Santo Parro,Thiago Rosa de Oliveira,Thiago Lourenço De Mattos
2020,11,Bragantino,Ceará,4,2,H,3,1,H,1,1,1,0,1,0,0,1,0,0,0,1,4-3-3,4-2-3-1,Maurício Barbieri,Guto Ferreira,43%,57%,234/303,329/402,77%,82%,9/18,6/13,50%,46%,4/6,5/9,66%,55%,24,11,5,9,12,25,500,615,26,15,10,7,17,9,25,10,2,1,9,7,22,34,69,62,4,0,0,3,0,0,Estádio Nabi Abi Chedid,Jefferson Ferreira de Moraes,Cristhian Passos Sorence,Leone Carvalho,Lucas Canetto Bellote
2020,11,Fortaleza,Internacional,1,0,H,0,0,D,0,0,0,0,1,0,0,0,0,0,0,0,4-2-3-1,4-4-2&#9670;,Rogério Ceni,Eduardo Coudet,42%,58%,232/305,357/421,76%,85%,3/12,1/11,25%,9%,1/1,2/3,100%,66%,9,20,3,7,14,23,465,585,9,15,5,7,22,18,15,19,2,2,13,8,18,23,63,41,1,0,0,3,0,0,Estádio Castelão,Marielson Alves Silva,Alessandro Álvaro Rocha de Matos,Jucimar dos Santos Dias,Luciano da Silva Miranda
2020,11,Atlético Goianiense,Atlético Mineiro,3,4,A,1,0,H,0,1,0,1,0,1,0,0,0,2,1,1,4-2-3-1,4-3-3,Vágner Mancini,Jorge Sampaoli,44%,56%,273/360,394/468,76%,84%,9/15,8/14,60%,57%,4/8,6/9,50%,66%,16,14,6,4,20,20,529,650,13,9,17,9,15,9,20,9,1,4,7,9,13,20,74,53,2,0,0,0,0,0,Estádio Olímpico Pedro Ludovico Teixeira,Edina Alves Batista,Neuza Inês Back,Evandro de Melo Lima,Breno Vieira Souza
2020,11,Grêmio,Palmeiras,1,1,D,0,0,D,0,0,0,0,0,1,0,0,0,0,1,0,4-5-1,4-3-2-1,Renato Gaúcho,Vanderlei Luxemburgo,64%,37%,504/587,257/337,86%,76%,2/13,2/9,15%,22%,1/2,1/2,50%,50%,21,21,6,3,19,10,753,503,14,18,5,17,14,12,11,14,0,2,6,5,23,9,33,55,2,0,0,3,0,0,Arena do Grêmio,Rodrigo D'Alonso Ferreira,Henrique Neu Ribeiro,Eder Alexandre,Eleno Gonzalez Todeschini
2020,11,Coritiba,Vasco da Gama,1,0,H,0,0,D,0,0,0,0,0,1,0,0,0,0,0,0,4-2-3-1,4-2-3-1,Jorginho,Ramon Menezes,54%,46%,423/493,356/418,86%,85%,2/11,3/11,18%,27%,3/3,1/2,100%,50%,14,15,6,6,20,20,661,590,21,12,9,12,15,10,15,14,3,0,10,10,23,16,61,57,1,0,0,2,0,0,Estádio Major Antônio Couto Pereira,Luiz Flávio de Oliveira,Danilo Manis,Luiz Alberto Andrini Nogueira,Murilo Ugolini Klein
2020,11,Botafogo (RJ),Santos,0,0,D,0,0,D,0,0,0,0,0,0,0,0,0,0,0,0,RJ,4-3-3,Paulo Autuori,Cuca,44%,56%,246/320,347/415,77%,84%,1/7,6/21,14%,29%,6/6,0/1,100%,0%,15,13,8,10,25,26,504,608,7,16,14,18,13,12,23,17,0,1,12,11,20,20,62,42,4,0,0,2,0,0,Estádio Nilton Santos,Jose Mendonca da Silva Junior,Ivan Carlos Bohn,Sidmar dos Santos Meurer,Felipe da Silva Gonçalves
2020,11,Sport Recife,Fluminense,1,0,H,1,0,H,1,0,0,0,0,0,0,0,0,0,0,0,4-3-3,4-4-2&#9670;,Jair Ventura,Odair Hellmann,26%,74%,170/249,613/696,68%,88%,3/8,5/19,38%,26%,5/5,2/3,100%,66%,10,9,5,8,12,28,440,902,20,16,14,13,14,13,31,5,3,3,12,6,14,29,54,47,0,0,0,1,0,0,Estádio Adelmar da Costa Carvalho,Leandro Pedro Vuaden,Jorge Eduardo Bernardi,José Eduardo Calza,Luciano Silva
2020,12,Sport Recife,Corinthians,1,0,H,1,0,H,0,0,1,0,0,0,0,0,0,0,0,0,4-2-3-1,4-2-3-1,Jair Ventura,Dyego Rocha Coelho,47%,53%,370/448,420/485,83%,87%,2/9,2/16,22%,13%,2/2,1/2,100%,50%,11,15,3,8,15,32,636,691,19,10,11,11,11,20,24,9,1,2,9,4,24,29,59,45,3,0,0,4,0,0,Estádio Adelmar da Costa Carvalho,Wilton Sampaio,Rodrigo Figueiredo Henrique Correa,Eduardo Goncalves da Cruz,Diego Fernando Silva de Lima
2020,12,Atlético Paranaense,Bahia,1,0,H,0,0,D,0,0,0,0,1,0,0,0,0,0,0,0,4-3-3,4-4-2,Eduardo Maciel de Barros,Mano Menezes,56%,45%,446/529,331/407,84%,81%,3/13,4/14,23%,29%,4/4,3/3,100%,100%,20,11,1,6,11,21,675,581,14,8,14,15,15,10,16,5,2,4,3,9,16,25,67,58,4,0,0,1,0,0,Estádio Joaquim Américo Guimarães,Ricardo Marques Ribeiro,Guilherme Dias Camilo,Felipe Alan Costa de Oliveira,Luiz Alexandre Fernandes
2020,12,Internacional,São Paulo,1,1,D,1,1,D,0,1,0,0,0,0,0,1,0,0,0,0,4-2-3-1,4-2-3-1,Eduardo Coudet,Fernando Diniz,42%,58%,301/390,442/530,77%,83%,1/4,6/18,25%,33%,5/6,0/1,83%,0%,16,16,1,4,12,26,554,721,12,9,16,13,14,17,25,8,3,0,11,1,14,22,82,48,2,0,1,0,0,0,Estádio José Pinheiro Borba,Marcelo de Lima Henrique,Michael Correia,Carlos Henrique Alves de Lima Filho,Douglas Schwengber da Silva
2020,12,Atlético Mineiro,Grêmio,3,1,H,1,0,H,1,0,0,1,1,0,0,0,0,1,0,0,4-2-3-1,4-2-3-1,Jorge Sampaoli,Renato Gaúcho,53%,47%,390/471,333/410,83%,81%,6/20,4/9,30%,44%,3/4,3/6,75%,50%,20,11,9,4,26,20,640,605,13,10,22,17,13,6,7,23,0,0,5,8,21,23,54,44,1,0,0,1,0,0,Estádio Raimundo Sampaio,Caio Max Augusto Vieira,Danilo Manis,Vinícius Melo de Lima,Ronei Candido Alves
2020,12,Vasco da Gama,Bragantino,1,1,D,0,0,D,0,0,0,1,0,0,0,0,0,1,0,0,4-2-3-1,4-3-3,Ramon Menezes,Maurício Barbieri,58%,42%,460/513,301/362,90%,83%,1/11,3/12,9%,25%,2/3,0/1,66%,0%,9,16,2,5,14,22,703,530,18,24,12,10,11,8,14,13,4,1,12,5,21,16,42,44,2,0,0,1,0,0,Estádio Club de Regatas Vasco da Gama,Rodolpho Toski Marques,Bruno Boschilia,Sidmar dos Santos Meurer,Pathrice Wallace Correa Maia
2020,12,Atlético Goianiense,Botafogo (RJ),1,1,D,0,1,A,0,0,0,1,0,0,0,0,1,0,0,0,4-2-3-1,RJ,Vágner Mancini,Paulo Autuori,53%,47%,339/406,290/358,83%,81%,2/10,5/16,20%,31%,4/5,1/2,80%,50%,16,12,7,5,31,23,588,548,8,11,14,12,16,12,16,19,2,0,7,14,17,20,41,59,2,0,0,3,0,0,Estádio Olímpico Pedro Ludovico Teixeira,Leandro Pedro Vuaden,Jorge Eduardo Bernardi,José Eduardo Calza,Rubens Paulo dos Santos
2020,12,Ceará,Goiás,2,2,D,0,1,A,0,0,0,1,1,0,1,0,0,0,0,1,4-2-3-1,4-1-4-1,Guto Ferreira,Thiago Larghi,60%,40%,328/414,201/284,79%,71%,5/19,7/10,26%,70%,5/7,3/5,71%,60%,14,14,11,7,34,16,600,447,10,8,13,14,23,21,17,24,8,3,3,11,29,16,59,57,3,0,0,4,0,0,Estádio Castelão,Ramon Abatti Abel,Kleber Lucio Gil,Johnny Barros de Oliveira,Leo Simão Holanda
2020,12,Santos,Fortaleza,1,1,D,1,0,H,0,0,1,0,0,0,0,0,0,1,0,0,4-1-4-1,4-2-3-1,Cuca,Rogério Ceni,55%,46%,358/415,313/368,86%,85%,6/15,3/12,40%,25%,2/3,5/6,66%,83%,12,19,9,5,34,10,576,528,13,12,13,16,11,9,6,22,1,2,7,8,9,17,42,40,1,0,0,1,0,0,Estádio Urbano Caldeira,Heber Roberto Lopes,Alex dos Santos,Thiago Americano Labes,Lucas Canetto Bellote
2020,12,Fluminense,Coritiba,4,0,H,1,0,H,1,0,0,0,2,1,0,0,0,0,0,0,4-2-3-1,4-2-3-1,Odair Hellmann,Jorginho,44%,57%,344/409,462/532,84%,87%,7/15,1/10,47%,10%,1/1,3/7,100%,42%,16,19,5,4,17,19,573,697,10,10,8,10,15,13,22,9,0,3,6,3,17,18,54,51,1,0,0,1,0,1,Estadio Jornalista Mário Filho,Vinicius Gonçalves Dias Araujo,Daniel Luis Marques,Daniel Paulo Ziolli,Philip Georg Bennett
2020,13,Grêmio,Internacional,1,1,D,0,0,D,0,0,0,1,0,0,0,0,0,0,1,0,4-1-4-1,4-3-1-2,Renato Gaúcho,Eduardo Coudet,47%,53%,298/385,350/443,77%,79%,5/14,2/9,36%,22%,1/2,4/5,50%,80%,14,16,5,5,16,14,553,594,12,13,14,11,16,16,12,13,1,1,8,7,23,15,61,67,1,1,0,1,0,1,Arena do Grêmio,Raphael Claus,Neuza Inês Back,Alex Ang Ribeiro,Roger Goulart
2020,13,Palmeiras,Ceará,2,1,H,1,1,D,1,0,0,0,0,1,0,1,0,0,0,0,4-2-3-1,4-2-3-1,Vanderlei Luxemburgo,Guto Ferreira,64%,36%,465/542,234/311,86%,75%,11/27,7/13,41%,54%,6/7,9/11,85%,81%,10,19,9,4,24,12,732,494,18,5,9,11,14,8,10,25,1,0,9,12,28,26,61,61,1,0,0,4,0,0,Allianz Parque,Bruno Arleu de Araujo,Michael Correia,Luiz Claudio Regazzone,Rafael Gomes Felix da Silva
2020,13,Bragantino,Corinthians,0,0,D,0,0,D,0,0,0,0,0,0,0,0,0,0,0,0,4-2-3-1,4-2-3-1,Maurício Barbieri,Dyego Rocha Coelho,40%,60%,298/368,476/556,81%,86%,2/10,4/12,20%,33%,4/4,2/2,100%,100%,18,13,3,8,14,25,556,747,15,20,12,12,6,8,19,11,1,1,8,10,26,24,50,50,1,0,0,2,0,0,Estádio Nabi Abi Chedid,Edina Alves Batista,Danilo Manis,Evandro de Melo Lima,Ilbert Estevam Da Silva
2020,13,Botafogo (RJ),Fluminense,1,1,D,0,1,A,0,0,0,0,1,0,0,0,1,0,0,0,RJ,4-2-3-1,Bruno Amorim Lazaroni,Odair Hellmann,51%,49%,308/383,290/366,80%,79%,6/17,5/8,35%,63%,5/5,5/6,100%,83%,20,22,7,4,22,15,572,551,15,15,9,11,21,20,13,31,0,1,6,10,18,14,49,49,0,0,0,1,0,0,Estádio Nilton Santos,Anderson Daronco,Rafael da Silva Alves,Leirson Peng Martins,Daniel Victor Costa Silva
2020,13,Flamengo,Atlético Paranaense,3,1,H,0,0,D,0,0,0,2,0,1,0,0,0,0,1,0,4-2-3-1,4-3-3,Domènec Torrent,Eduardo Maciel de Barros,54%,46%,379/446,301/376,85%,80%,7/13,3/10,54%,30%,2/3,4/7,66%,57%,18,22,4,5,18,14,630,544,15,22,14,15,7,7,9,12,2,2,5,9,15,20,48,51,3,0,0,4,0,0,Estadio Jornalista Mário Filho,Rodrigo D'Alonso Ferreira,Henrique Neu Ribeiro,Eder Alexandre,Rafael Martins de Sá
2020,13,Coritiba,São Paulo,1,1,D,1,0,H,1,0,0,0,0,0,0,0,0,0,1,0,4-2-3-1,4-4-2,Jorginho,Fernando Diniz,24%,76%,140/219,593/668,64%,89%,1/3,5/19,33%,26%,4/5,0/1,80%,0%,13,12,2,11,6,44,379,850,16,11,11,1,12,26,46,10,0,2,10,4,10,26,67,56,2,0,0,3,0,0,Estádio Major Antônio Couto Pereira,Wagner do Nascimento Magalhaes,Rodrigo Figueiredo Henrique Correa,Thiago Henrique Neto Correa Farinha,Cristian Eduardo Gorski da Luz
2020,13,Bahia,Sport Recife,1,2,A,0,1,A,0,0,0,0,0,1,0,0,1,1,0,0,4-4-2,4-2-3-1,Mano Menezes,Jair Ventura,59%,41%,401/486,261/361,83%,72%,11/23,2/5,48%,40%,0/2,10/11,0%,90%,15,13,11,0,39,4,696,548,14,17,17,16,19,25,3,34,2,0,4,7,32,18,51,60,2,0,0,3,0,0,Estádio Governador Roberto Santos,Rafael Traci,Kleber Lucio Gil,Helton Nunes,Ricarle Gonçalves Batista
2020,13,Fortaleza,Atlético Goianiense,0,0,D,0,0,D,0,0,0,0,0,0,0,0,0,0,0,0,4-2-3-1,4-2-3-1,Rogério Ceni,Vágner Mancini,59%,41%,440/516,271/347,85%,78%,4/15,2/7,27%,29%,2/2,4/4,100%,100%,8,14,8,1,26,21,663,491,8,13,3,13,15,16,12,18,1,0,6,7,16,16,67,63,5,0,0,4,0,0,Estádio Castelão,Jose Mendonca da Silva Junior,Bruno Boschilia,Ivan Carlos Bohn,Alexandre de Souza Peixoto
2020,13,Goiás,Santos,2,3,A,1,1,D,1,0,0,0,0,1,0,1,0,1,0,1,4-1-4-1,4-1-4-1,Enderson Moreira,Cuca,55%,45%,319/384,251/321,83%,78%,4/14,4/10,29%,40%,2/4,2/4,50%,50%,16,15,2,4,18,11,543,460,13,6,10,5,9,8,6,17,4,0,4,12,22,20,47,64,4,1,0,2,0,1,Estádio de Hailé Pinheiro,Marielson Alves Silva,Alessandro Álvaro Rocha de Matos,Jucimar dos Santos Dias,Anderson Ribeiro Gonçalves
2020,13,Atlético Mineiro,Vasco da Gama,4,1,H,4,1,H,1,2,1,0,0,0,1,0,0,0,0,0,4-1-4-1,4-2-3-1,Jorge Sampaoli,Ramon Menezes,55%,45%,1/2,0/0,50%,%,4/4,1/1,100%,100%,0/1,0/4,0%,0%,16,15,2,4,18,11,6,1,13,6,10,5,9,8,6,17,4,0,4,12,22,20,47,64,3,0,0,3,1,0,Estádio Raimundo Sampaio,Leandro Pedro Vuaden,Jorge Eduardo Bernardi,José Eduardo Calza,Michel Patrick Costa Guimarães
